"id","idea","prior work (title)","prior work (abstract)","your_label (distinct / not_distinct)"
"r-07","C2: Residual refit on components: After fitting TreeHFD on the training data, compute the residuals between the model predictions and the component sum. Fit a ridge regression of the model predictions on the stacked component columns (main effects and interactions) to get per-component scalar weights and an intercept. Apply these weights on test data. Each component still depends only on its own variables.","Unifying local and global model explanations by functional decomposition of low dimensional structures","We consider a global representation of a regression or classification function by decomposing it into the sum of main and interaction components of arbitrary order. We propose a new identification constraint that allows for the extraction of interventional SHAP values and partial dependence plots, thereby unifying local and global explanations. With our proposed identification, a feature's partial dependence plot corresponds to the main effect term plus the intercept. The interventional SHAP value of feature $k$ is a weighted sum of the main component and all interaction components that include $k$, with the weights given by the reciprocal of the component's dimension. This brings a new perspective to local explanations such as SHAP values which were previously motivated by game theory only. We show that the decomposition can be used to reduce direct and indirect bias by removing all components that include a protected feature. Lastly, we motivate a new measure of feature importance. In principle, our proposed functional decomposition can be applied to any machine learning model, but exact calculation is only feasible for low-dimensional structures or ensembles of those. We provide an algorithm and efficient implementation for gradient-boosted trees (xgboost) and random planted forest. Conducted experiments suggest that our method provides meaningful explanations and reveals interactions of higher orders. The proposed methods are implemented in an R package, available at \url","distinct"
"r-05","C3: Residual ridge recalibration: On training data, compute the model predictions and the TreeHFD components. Fit a non-negative ridge regression with an intercept of the predictions on the component columns. Apply the learned per-component scales to held-out components. Each component still depends only on its own variables. This corrects shrinkage bias, which matters most under correlation.","Unifying local and global model explanations by functional decomposition of low dimensional structures","We consider a global representation of a regression or classification function by decomposing it into the sum of main and interaction components of arbitrary order. We propose a new identification constraint that allows for the extraction of interventional SHAP values and partial dependence plots, thereby unifying local and global explanations. With our proposed identification, a feature's partial dependence plot corresponds to the main effect term plus the intercept. The interventional SHAP value of feature $k$ is a weighted sum of the main component and all interaction components that include $k$, with the weights given by the reciprocal of the component's dimension. This brings a new perspective to local explanations such as SHAP values which were previously motivated by game theory only. We show that the decomposition can be used to reduce direct and indirect bias by removing all components that include a protected feature. Lastly, we motivate a new measure of feature importance. In principle, our proposed functional decomposition can be applied to any machine learning model, but exact calculation is only feasible for low-dimensional structures or ensembles of those. We provide an algorithm and efficient implementation for gradient-boosted trees (xgboost) and random planted forest. Conducted experiments suggest that our method provides meaningful explanations and reveals interactions of higher orders. The proposed methods are implemented in an R package, available at \url","distinct"
"r-11","C3: Least-squares recalibration: After TreeHFD.predict on training data, solve a constrained least-squares problem (scipy.optimize.nnls or lstsq) that rescales main-effect and interaction columns plus intercept so their sum best matches model predictions, keeping each component a function of only its own variables. Refit coefficients on a validation split to avoid overfitting, then apply to test predictions.","Tree Ensemble Explainability through the Hoeffding Functional Decomposition and TreeHFD Algorithm","Tree ensembles have demonstrated state-of-the-art predictive performance across a wide range of problems involving tabular data. Nevertheless, the black-box nature of tree ensembles is a strong limitation, especially for applications with critical decisions at stake. The Hoeffding or ANOVA functional decomposition is a powerful explainability method, as it breaks down black-box models into a unique sum of lower-dimensional functions, provided that input variables are independent. In standard learning settings, input variables are often dependent, and the Hoeffding decomposition is generalized through hierarchical orthogonality constraints. Such generalization leads to unique and sparse decompositions with well-defined main effects and interactions. However, the practical estimation of this decomposition from a data sample is still an open problem. Therefore, we introduce the TreeHFD algorithm to estimate the Hoeffding decomposition of a tree ensemble from a data sample. We show the convergence of TreeHFD, along with the main properties of orthogonality, sparsity, and causal variable selection. The high performance of TreeHFD is demonstrated through experiments on both simulated and real data, using our treehfd Python package (https://github.com/ThalesGroup/treehfd). Besides, we empirically show that the widely used TreeSHAP method, based on Shapley values, is strongly connected to the Hoeffding decomposition.","distinct"
"r-10","C2: Deeper variable selection: Set depth_variable higher than default in XGBTreeHFD.fit so variables for main effects and interactions are selected from deeper tree structure, capturing interactions the shallow default misses. Compare depth_variable values 1-3 on validation data and pick the one minimizing held-out Residual MSE; runtime scales mildly since only selection depth changes.","Impact of subsampling and tree depth on random forests","Random forests are ensemble learning methods introduced by Breiman [Mach. Learn. 45 (2001) 5?32] that operate by averaging several decision trees built on a randomly selected subspace of the data set. Despite their widespread use in practice, the respective roles of the different mechanisms at work in Breiman?s forests are not yet fully understood, neither is the tuning of the corresponding parameters. In this paper, we study the influence of two parameters, namely the subsampling rate and the tree depth, on Breiman?s forests performance. More precisely, we prove that quantile forests (a specific type of random forests) based on subsampling and quantile forests whose tree construction is terminated early have similar performances, as long as their respective parameters (subsampling rate and tree depth) are well chosen. Moreover, experiments show that a proper tuning of these parameters leads in most cases to an improvement of Breiman?s original forests in terms of mean squared error.","distinct"
"r-04","C2: Importance-screened interaction list: Fit a cheap first TreeHFD pass or use xgboost gain on feature pairs that co-occur on tree paths. Keep the top-k pairs and pass them as interaction_list. Refit with only those pairs. Fewer components speed the fit, and the residual can fall because the discarded pairs were noisy.","Tree Ensemble Explainability through the Hoeffding Functional Decomposition and TreeHFD Algorithm","Tree ensembles have demonstrated state-of-the-art predictive performance across a wide range of problems involving tabular data. Nevertheless, the black-box nature of tree ensembles is a strong limitation, especially for applications with critical decisions at stake. The Hoeffding or ANOVA functional decomposition is a powerful explainability method, as it breaks down black-box models into a unique sum of lower-dimensional functions, provided that input variables are independent. In standard learning settings, input variables are often dependent, and the Hoeffding decomposition is generalized through hierarchical orthogonality constraints. Such generalization leads to unique and sparse decompositions with well-defined main effects and interactions. However, the practical estimation of this decomposition from a data sample is still an open problem. Therefore, we introduce the TreeHFD algorithm to estimate the Hoeffding decomposition of a tree ensemble from a data sample. We show the convergence of TreeHFD, along with the main properties of orthogonality, sparsity, and causal variable selection. The high performance of TreeHFD is demonstrated through experiments on both simulated and real data, using our treehfd Python package (https://github.com/ThalesGroup/treehfd). Besides, we empirically show that the widely used TreeSHAP method, based on Shapley values, is strongly connected to the Hoeffding decomposition.","distinct"
"r-00","C1: Interaction screening by importance: Fit TreeHFD with interaction_order=1 to get main effects. Then rank variable pairs by how often they co-occur on tree paths, or by the variance of the residual explained by a pair, and pass only the top-k pairs as interaction_list. This avoids noisy, unneeded interactions and cuts runtime. Choose k on a validation split.","Purifying Interaction Effects with the Functional ANOVA: An Efficient Algorithm for Recovering Identifiable Additive Models","Models which estimate main effects of individual variables alongside interaction effects have an identifiability challenge: effects can be freely moved between main effects and interaction effects without changing the model prediction. This is a critical problem for interpretability because it permits ""contradictory"" models to represent the same function. To solve this problem, we propose pure interaction effects: variance in the outcome which cannot be represented by any smaller subset of features. This definition has an equivalence with the Functional ANOVA decomposition. To compute this decomposition, we present a fast, exact algorithm that transforms any piecewise-constant function (such as a tree-based model) into a purified, canonical representation. We apply this algorithm to Generalized Additive Models with interactions trained on several datasets and show large disparity, including contradictions, between the effects before and after purification. These results underscore the need to specify data distributions and ensure identifiability before interpreting model parameters.","distinct"
"r-06","C1: Restrict to active interactions: Compute the xgboost model's actual co-occurring variable pairs along tree paths (from the trees' split structure). Pass only those pairs, ranked by gain or frequency and truncated to the top few, as interaction_list. This drops empty interaction components, which cuts runtime and removes noisy components. Keep the number of pairs fixed across seeds.","Unifying local and global model explanations by functional decomposition of low dimensional structures","We consider a global representation of a regression or classification function by decomposing it into the sum of main and interaction components of arbitrary order. We propose a new identification constraint that allows for the extraction of interventional SHAP values and partial dependence plots, thereby unifying local and global explanations. With our proposed identification, a feature's partial dependence plot corresponds to the main effect term plus the intercept. The interventional SHAP value of feature $k$ is a weighted sum of the main component and all interaction components that include $k$, with the weights given by the reciprocal of the component's dimension. This brings a new perspective to local explanations such as SHAP values which were previously motivated by game theory only. We show that the decomposition can be used to reduce direct and indirect bias by removing all components that include a protected feature. Lastly, we motivate a new measure of feature importance. In principle, our proposed functional decomposition can be applied to any machine learning model, but exact calculation is only feasible for low-dimensional structures or ensembles of those. We provide an algorithm and efficient implementation for gradient-boosted trees (xgboost) and random planted forest. Conducted experiments suggest that our method provides meaningful explanations and reveals interactions of higher orders. The proposed methods are implemented in an R package, available at \url","distinct"
"r-02","C3: Component-wise ridge recalibration: Fit TreeHFD, predict the components on a held-out calibration set, and regress the model's predictions on the intercept plus all components with non-negative ridge regression. Apply the learned scalar weights to each component on test data. Each component stays a function of its own variables, and the systematic residual bias shrinks.","Unifying local and global model explanations by functional decomposition of low dimensional structures","We consider a global representation of a regression or classification function by decomposing it into the sum of main and interaction components of arbitrary order. We propose a new identification constraint that allows for the extraction of interventional SHAP values and partial dependence plots, thereby unifying local and global explanations. With our proposed identification, a feature's partial dependence plot corresponds to the main effect term plus the intercept. The interventional SHAP value of feature $k$ is a weighted sum of the main component and all interaction components that include $k$, with the weights given by the reciprocal of the component's dimension. This brings a new perspective to local explanations such as SHAP values which were previously motivated by game theory only. We show that the decomposition can be used to reduce direct and indirect bias by removing all components that include a protected feature. Lastly, we motivate a new measure of feature importance. In principle, our proposed functional decomposition can be applied to any machine learning model, but exact calculation is only feasible for low-dimensional structures or ensembles of those. We provide an algorithm and efficient implementation for gradient-boosted trees (xgboost) and random planted forest. Conducted experiments suggest that our method provides meaningful explanations and reveals interactions of higher orders. The proposed methods are implemented in an R package, available at \url","distinct"
"r-03","C1: Shallow depth_variable sweep: Fit TreeHFD with depth_variable set to several values (e.g. 2, 3, 4, 6, and None). Choose the value with the lowest residual MSE on a held-out split of the training data, then refit and predict with it. Shallower variable selection cuts runtime, and tuning it can lower residual error.","Impact of subsampling and tree depth on random forests","Random forests are ensemble learning methods introduced by Breiman [Mach. Learn. 45 (2001) 5?32] that operate by averaging several decision trees built on a randomly selected subspace of the data set. Despite their widespread use in practice, the respective roles of the different mechanisms at work in Breiman?s forests are not yet fully understood, neither is the tuning of the corresponding parameters. In this paper, we study the influence of two parameters, namely the subsampling rate and the tree depth, on Breiman?s forests performance. More precisely, we prove that quantile forests (a specific type of random forests) based on subsampling and quantile forests whose tree construction is terminated early have similar performances, as long as their respective parameters (subsampling rate and tree depth) are well chosen. Moreover, experiments show that a proper tuning of these parameters leads in most cases to an improvement of Breiman?s original forests in terms of mean squared error.","distinct"
"r-08","C3: Residual spline main effects: Take the residual (model prediction minus current component sum) on training data. For each variable, fit a low-order spline or binned smoother on that variable alone. Do the same for each selected variable pair, using a 2D binned smoother or tensor spline. Add these corrections to the matching components. Evaluate on held-out data.","Multivariate Adaptive Regression Splines","A new method is presented for flexible regression modeling of high dimensional data. The model takes the form of an expansion in product spline basis functions, where the number of basis functions as well as the parameters associated with each one (product degree and knot locations) are automatically determined by the data. This procedure is motivated by the recursive partitioning approach to regression and shares its attractive properties. Unlike recursive partitioning, however, this method produces continuous models with continuous derivatives. It has more power and flexibility to model relationships that are nearly additive or involve interactions in at most a few variables. In addition, the model can be represented in a form that separately identifies the additive contributions and those associated with the different multivariable interactions.","distinct"
