gen_paper_id,domain,subdomain,method_name,gen_pdf_url,gen_code_url,parent_title,parent_venue,parent_id_arxiv_or_doi,parent_code_url,reported_gain_pct,compute_class,candidate_for_p3,notes
applications/Health_Cartan-DEC-MiAE,Applications,Health,Cartan-DEC-MiAE,,,,,,,,,,
applications/Neuroscience_FCD-Engram,Applications,Neuroscience,FCD-Engram,,,,,,,,,,
applications/Neuroscience_Simplified DWGR-SVL,Applications,Neuroscience,Simplified DWGR-SVL,,,,,,,,,,
applications/Neuroscience_ST-FacRNN,Applications,Neuroscience,ST-FacRNN,,,,,,,,,,
applications/Neuroscience_TA-FATA-CSBrain,Applications,Neuroscience,TA-FATA-CSBrain,,,,,,,,,,
applications/Robotics_KinemaAnchor-Manifold,Applications,Robotics,KinemaAnchor-Manifold,,,,,,,,,,
applications/Sciences_ErtelHodge-STELLA,Applications,Sciences,ErtelHodge-STELLA,,,,,,,,,,
applications/Sciences_SYMP-MONGE,Applications,Sciences,SYMP-MONGE,,,,,,,,,,
applications/Speech_CHAMPS-RAG,Applications,Speech,CHAMPS-RAG,,,,,,,,,,
applications/Time Series_PG-CDIG,Applications,Time Series,PG-CDIG,,,,,,,,,,
applications/Others_AnisoSPD,Applications,Others,AnisoSPD,,,,,,,,,,
applications/Others_DiffTrop-Bitween,Applications,Others,DiffTrop-Bitween,,,,,,,,,,
applications/Others_DR-LEF,Applications,Others,DR-LEF,,,,,,,,,,
applications/Others_SAVVY-Vortex,Applications,Others,SAVVY-Vortex,,,,,,,,,,
applications/Others_TVCS-IF,Applications,Others,TVCS-IF,,,,,,,,,,
deep_learning/Algorithms_RMTS,Deep Learning,Algorithms,RMTS,,,,,,,,,,
deep_learning/Foundation_TABHARMONY,Deep Learning,Foundation,TABHARMONY,,,,,,,,,,
deep_learning/Foundation_UNI-XDLM,Deep Learning,Foundation,UNI-XDLM,,,,,,,,,,
deep_learning/LLMs_CS-HLA,Deep Learning,LLMs,CS-HLA,,,,,,,,,,
deep_learning/LLMs_DNLP-LCBC,Deep Learning,LLMs,DNLP-LCBC,,,,,,,,,,
deep_learning/LLMs_Mem-MaxRL,Deep Learning,LLMs,Mem-MaxRL,,,,,,,,,,
deep_learning/LLMs_Poisson-Top-W,Deep Learning,LLMs,Poisson-Top-W,,,,,,,,,,
deep_learning/LLMs_RES-TRACE,Deep Learning,LLMs,RES-TRACE,,,,,,,,,,
deep_learning/LLMs_SDDF-RKHS,Deep Learning,LLMs,SDDF-RKHS,,,,,,,,,,
deep_learning/LLMs_SymCrooks-Steering,Deep Learning,LLMs,SymCrooks-Steering,,,,,,,,,,
deep_learning/LLMs_TPH-Lock,Deep Learning,LLMs,TPH-Lock,,,,,,,,,,
deep_learning/LLMs_VD-STrans,Deep Learning,LLMs,VD-STrans,,,,,,,,,,
deep_learning/Robustness_ResoKoopman,Deep Learning,Robustness,ResoKoopman,,,,,,,,,,
deep_learning/Others_BF-DFN,Deep Learning,Others,BF-DFN,,,,,,,,,,
deep_learning/Others_DynaSpec-RAG,Deep Learning,Others,DynaSpec-RAG,,,,,,,,,,
deep_learning/Others_Fed-LanczosSAM,Deep Learning,Others,Fed-LanczosSAM,,,,,,,,,,
deep_learning/Others_HARMONIC-MoP,Deep Learning,Others,HARMONIC-MoP,,,,,,,,,,
deep_learning/Others_InfoOptim,Deep Learning,Others,InfoOptim,,,,,,,,,,
deep_learning/Others_Koopman-DMD,Deep Learning,Others,Koopman-DMD,,,,,,,,,,
deep_learning/Others_Neural-MMA,Deep Learning,Others,Neural-MMA,,,,,,,,,,
deep_learning/Others_NSK,Deep Learning,Others,NSK,,,,,,,,,,
deep_learning/Others_PhySense-AdjointFlow,Deep Learning,Others,PhySense-AdjointFlow,,,,,,,,,,
deep_learning/Others_Soft-VSM,Deep Learning,Others,Soft-VSM,,,,,,,,,,
deep_learning/Others_TKFS-Attention,Deep Learning,Others,TKFS-Attention,,,,,,,,,,
general_ml/Algorithms_Flash-Newton,General ML,Algorithms,Flash-Newton,,,,,,,,,,
general_ml/Causality_SPECTRA-HET SPLIT UP,General ML,Causality,SPECTRA-HET SPLIT UP,,,,,,,,,,
general_ml/Evaluation_DR-Schervish,General ML,Evaluation,DR-Schervish,,,,,,,,,,
general_ml/Infrastructure_RDF-VG,General ML,Infrastructure,RDF-VG,,,,,,,,,,
general_ml/Others_BAM-Val,General ML,Others,BAM-Val,,,,,,,,,,
general_ml/Others_CIQS-PC,General ML,Others,CIQS-PC,,,,,,,,,,
general_ml/Others_ECTS-HFD,General ML,Others,ECTS-HFD,,,,,,,,,,
general_ml/Others_FR-MSH-GGAD,General ML,Others,FR-MSH-GGAD,,,,,,,,,,
general_ml/Others_NEM-SPKN,General ML,Others,NEM-SPKN,,,,,,,,,,
general_ml/Others_Procrustes-DS,General ML,Others,Procrustes-DS,,,,,,,,,,
general_ml/Others_QAMT-Transfer,General ML,Others,QAMT-Transfer,,,,,,,,,,
general_ml/Others_SD-TTC,General ML,Others,SD-TTC,,,,,,,,,,
general_ml/Others_Sheaf-PartialTSW,General ML,Others,Sheaf-PartialTSW,,,,,,,,,,
general_ml/Others_TBOC-ANOVA,General ML,Others,TBOC-ANOVA,,,,,,,,,,
optimization/Convex_OFP-Shadow,Optimization,Convex,OFP-Shadow,,,,,,,,,,
optimization/Discrete_LD-RPB-OM,Optimization,Discrete,LD-RPB-OM,,,,,,,,,,
optimization/Non-Convex_ALOT-DRO,Optimization,Non-Convex,ALOT-DRO,,,,,,,,,,
optimization/Others_ANSE,Optimization,Others,ANSE,,,,,,,,,,
optimization/Others_LC-FTT,Optimization,Others,LC-FTT,,,,,,,,,,
probabilistic/Bayesian_DAGP-HDP-HMM,Probabilistic,Bayesian,DAGP-HDP-HMM,,,,,,,,,,
probabilistic/Sampling_SMBTT-CCDB,Probabilistic,Sampling,SMBTT-CCDB,,,,,,,,,,
probabilistic/Sampling_SpecAttn-Div,Probabilistic,Sampling,SpecAttn-Div,,,,,,,,,,
probabilistic/Others_AD-LSVI,Probabilistic,Others,AD-LSVI,,,,,,,,,,
probabilistic/Others_AWF-CP,Probabilistic,Others,AWF-CP,,,,,,,,,,
probabilistic/Others_BTV-RDRO,Probabilistic,Others,BTV-RDRO,,,,,,,,,,
probabilistic/Others_COFM-SIB,Probabilistic,Others,COFM-SIB,,,,,,,,,,
probabilistic/Others_DosePFN,Probabilistic,Others,DosePFN,,,,,,,,,,
probabilistic/Others_PH-CNR-OLLA,Probabilistic,Others,PH-CNR-OLLA,,,,,,,,,,
probabilistic/Others_ScaleMode-NeuralSurv,Probabilistic,Others,ScaleMode-NeuralSurv,,,,,,,,,,
rl/Others_CSX-MoE,RL,Others,CSX-MoE,,,,,,,,,,
rl/Others_DisCoRe-IQA,RL,Others,DisCoRe-IQA,,,,,,,,,,
rl/Others_Exact-CPWL CvaR,RL,Others,Exact-CPWL CvaR,,,,,,,,,,
social_aspects/Alignment_CHVA,Social Aspects,Alignment,CHVA,,,,,,,,,,
social_aspects/Interpretability_CP-GRASSMANN,Social Aspects,Interpretability,CP-GRASSMANN,,,,,,,,,,
social_aspects/Interpretability_Flex-Dot,Social Aspects,Interpretability,Flex-Dot,,,,,,,,,,
social_aspects/Interpretability_Overdamped DAVE,Social Aspects,Interpretability,Overdamped DAVE,,,,,,,,,,
social_aspects/Interpretability_SHEAF-SAE,Social Aspects,Interpretability,SHEAF-SAE,,,,,,,,,,
social_aspects/Interpretability_SLT-MDA,Social Aspects,Interpretability,SLT-MDA,,,,,,,,,,
social_aspects/Privacy_DP-EBS-BB,Social Aspects,Privacy,DP-EBS-BB,,,,,,,,,,
social_aspects/Robusntess_IMD-GV,Social Aspects,Robustness,IMD-GV,,,,,,,,,,
social_aspects/Others_VIGN-SDA-PMSVM,Social Aspects,Others,VIGN-SDA-PMSVM,,,,,,,,,,
theory/Bandits_FVTG-CP,Theory,Bandits,FVTG-CP,,,,,,,,,,
theory/Game Theory_NTW-KPA,Theory,Game Theory,NTW-KPA,,,,,,,,,,
theory/Optimization_PLL-ICE,Theory,Optimization,PLL-ICE,,,,,,,,,,
theory/Optimization_SSH-ED-SDP,Theory,Optimization,SSH-ED-SDP,,,,,,,,,,
theory/Probabilistic_DRO-ROCP,Theory,Probabilistic,DRO-ROCP,,,,,,,,,,
theory/Others_DR-COCO,Theory,Others,DR-COCO,,,,,,,,,,
