gen_paper_id,parser,seconds,refs_extracted,tables_found,error
applications/Others_DR-LEF,docling,264.6,65,9,
applications/Others_DR-LEF,grobid,2.1,63,6,
applications/Others_DR-LEF,pymupdf4llm,12.7,34,2,
deep_learning/LLMs_CS-HLA,docling,79.8,66,13,
deep_learning/LLMs_CS-HLA,grobid,2.1,66,11,
deep_learning/LLMs_CS-HLA,pymupdf4llm,12.8,85,7,
deep_learning/Others_Fed-LanczosSAM,docling,53.0,20,10,
deep_learning/Others_Fed-LanczosSAM,grobid,1.8,26,4,
deep_learning/Others_Fed-LanczosSAM,pymupdf4llm,10.7,13,1,
deep_learning/Others_TKFS-Attention,docling,49.1,39,12,
deep_learning/Others_TKFS-Attention,grobid,1.8,34,8,
deep_learning/Others_TKFS-Attention,pymupdf4llm,7.7,41,12,
general_ml/Causality_SPECTRA-HET SPLIT UP,docling,65.1,23,9,
general_ml/Causality_SPECTRA-HET SPLIT UP,grobid,1.7,22,7,
general_ml/Causality_SPECTRA-HET SPLIT UP,pymupdf4llm,11.7,24,1,
general_ml/Others_Sheaf-PartialTSW,docling,64.5,37,7,
general_ml/Others_Sheaf-PartialTSW,grobid,2.1,37,6,
general_ml/Others_Sheaf-PartialTSW,pymupdf4llm,10.1,37,0,
optimization/Others_LC-FTT,docling,100.4,17,8,
optimization/Others_LC-FTT,grobid,1.8,33,4,
optimization/Others_LC-FTT,pymupdf4llm,12.9,31,0,
probabilistic/Others_DosePFN,docling,76.4,36,12,
probabilistic/Others_DosePFN,grobid,1.8,48,12,
probabilistic/Others_DosePFN,pymupdf4llm,10.6,22,5,
rl/Others_Exact-CPWL CvaR,docling,82.1,16,12,
rl/Others_Exact-CPWL CvaR,grobid,2.1,16,11,
rl/Others_Exact-CPWL CvaR,pymupdf4llm,11.6,27,1,
theory/Bandits_FVTG-CP,docling,106.3,12,18,
theory/Bandits_FVTG-CP,grobid,2.0,27,16,
theory/Bandits_FVTG-CP,pymupdf4llm,14.3,24,0,
