gen_paper_id,item,in_pdf,note
applications/Others_DR-LEF,references,,
applications/Others_DR-LEF,Table 1,,
applications/Others_DR-LEF,Table 2,,
deep_learning/LLMs_CS-HLA,references,,
deep_learning/LLMs_CS-HLA,Table 1,,
deep_learning/LLMs_CS-HLA,Table 2,,
deep_learning/Others_Fed-LanczosSAM,references,,
deep_learning/Others_Fed-LanczosSAM,Table 1,,
deep_learning/Others_Fed-LanczosSAM,Table 2,,
deep_learning/Others_TKFS-Attention,references,,
deep_learning/Others_TKFS-Attention,Table 1,,
deep_learning/Others_TKFS-Attention,Table 2,,
general_ml/Causality_SPECTRA-HET SPLIT UP,references,,
general_ml/Causality_SPECTRA-HET SPLIT UP,Table 1,,
general_ml/Causality_SPECTRA-HET SPLIT UP,Table 2,,
general_ml/Others_Sheaf-PartialTSW,references,,
general_ml/Others_Sheaf-PartialTSW,Table 1,,
general_ml/Others_Sheaf-PartialTSW,Table 2,,
optimization/Others_LC-FTT,references,,
optimization/Others_LC-FTT,Table 1,,
optimization/Others_LC-FTT,Table 2,,
probabilistic/Others_DosePFN,references,,
probabilistic/Others_DosePFN,Table 1,,
probabilistic/Others_DosePFN,Table 2,,
rl/Others_Exact-CPWL CvaR,references,,
rl/Others_Exact-CPWL CvaR,Table 1,,
rl/Others_Exact-CPWL CvaR,Table 2,,
theory/Bandits_FVTG-CP,references,,
theory/Bandits_FVTG-CP,Table 1,,
theory/Bandits_FVTG-CP,Table 2,,
