gen_paper_id,parser,item,correct,note
applications/Others_DR-LEF,pymupdf4llm,references,,
applications/Others_DR-LEF,pymupdf4llm,Table 1,,
applications/Others_DR-LEF,pymupdf4llm,Table 2,,
applications/Others_DR-LEF,grobid,references,,
applications/Others_DR-LEF,grobid,Table 1,,
applications/Others_DR-LEF,grobid,Table 2,,
applications/Others_DR-LEF,docling,references,,
applications/Others_DR-LEF,docling,Table 1,,
applications/Others_DR-LEF,docling,Table 2,,
deep_learning/LLMs_CS-HLA,pymupdf4llm,references,,
deep_learning/LLMs_CS-HLA,pymupdf4llm,Table 1,,
deep_learning/LLMs_CS-HLA,pymupdf4llm,Table 2,,
deep_learning/LLMs_CS-HLA,grobid,references,,
deep_learning/LLMs_CS-HLA,grobid,Table 1,,
deep_learning/LLMs_CS-HLA,grobid,Table 2,,
deep_learning/LLMs_CS-HLA,docling,references,,
deep_learning/LLMs_CS-HLA,docling,Table 1,,
deep_learning/LLMs_CS-HLA,docling,Table 2,,
deep_learning/Others_Fed-LanczosSAM,pymupdf4llm,references,,
deep_learning/Others_Fed-LanczosSAM,pymupdf4llm,Table 1,,
deep_learning/Others_Fed-LanczosSAM,pymupdf4llm,Table 2,,
deep_learning/Others_Fed-LanczosSAM,grobid,references,,
deep_learning/Others_Fed-LanczosSAM,grobid,Table 1,,
deep_learning/Others_Fed-LanczosSAM,grobid,Table 2,,
deep_learning/Others_Fed-LanczosSAM,docling,references,,
deep_learning/Others_Fed-LanczosSAM,docling,Table 1,,
deep_learning/Others_Fed-LanczosSAM,docling,Table 2,,
deep_learning/Others_TKFS-Attention,pymupdf4llm,references,,
deep_learning/Others_TKFS-Attention,pymupdf4llm,Table 1,,
deep_learning/Others_TKFS-Attention,pymupdf4llm,Table 2,,
deep_learning/Others_TKFS-Attention,grobid,references,,
deep_learning/Others_TKFS-Attention,grobid,Table 1,,
deep_learning/Others_TKFS-Attention,grobid,Table 2,,
deep_learning/Others_TKFS-Attention,docling,references,,
deep_learning/Others_TKFS-Attention,docling,Table 1,,
deep_learning/Others_TKFS-Attention,docling,Table 2,,
general_ml/Causality_SPECTRA-HET SPLIT UP,pymupdf4llm,references,,
general_ml/Causality_SPECTRA-HET SPLIT UP,pymupdf4llm,Table 1,,
general_ml/Causality_SPECTRA-HET SPLIT UP,pymupdf4llm,Table 2,,
general_ml/Causality_SPECTRA-HET SPLIT UP,grobid,references,,
general_ml/Causality_SPECTRA-HET SPLIT UP,grobid,Table 1,,
general_ml/Causality_SPECTRA-HET SPLIT UP,grobid,Table 2,,
general_ml/Causality_SPECTRA-HET SPLIT UP,docling,references,,
general_ml/Causality_SPECTRA-HET SPLIT UP,docling,Table 1,,
general_ml/Causality_SPECTRA-HET SPLIT UP,docling,Table 2,,
general_ml/Others_Sheaf-PartialTSW,pymupdf4llm,references,,
general_ml/Others_Sheaf-PartialTSW,pymupdf4llm,Table 1,,
general_ml/Others_Sheaf-PartialTSW,pymupdf4llm,Table 2,,
general_ml/Others_Sheaf-PartialTSW,grobid,references,,
general_ml/Others_Sheaf-PartialTSW,grobid,Table 1,,
general_ml/Others_Sheaf-PartialTSW,grobid,Table 2,,
general_ml/Others_Sheaf-PartialTSW,docling,references,,
general_ml/Others_Sheaf-PartialTSW,docling,Table 1,,
general_ml/Others_Sheaf-PartialTSW,docling,Table 2,,
optimization/Others_LC-FTT,pymupdf4llm,references,,
optimization/Others_LC-FTT,pymupdf4llm,Table 1,,
optimization/Others_LC-FTT,pymupdf4llm,Table 2,,
optimization/Others_LC-FTT,grobid,references,,
optimization/Others_LC-FTT,grobid,Table 1,,
optimization/Others_LC-FTT,grobid,Table 2,,
optimization/Others_LC-FTT,docling,references,,
optimization/Others_LC-FTT,docling,Table 1,,
optimization/Others_LC-FTT,docling,Table 2,,
probabilistic/Others_DosePFN,pymupdf4llm,references,,
probabilistic/Others_DosePFN,pymupdf4llm,Table 1,,
probabilistic/Others_DosePFN,pymupdf4llm,Table 2,,
probabilistic/Others_DosePFN,grobid,references,,
probabilistic/Others_DosePFN,grobid,Table 1,,
probabilistic/Others_DosePFN,grobid,Table 2,,
probabilistic/Others_DosePFN,docling,references,,
probabilistic/Others_DosePFN,docling,Table 1,,
probabilistic/Others_DosePFN,docling,Table 2,,
rl/Others_Exact-CPWL CvaR,pymupdf4llm,references,,
rl/Others_Exact-CPWL CvaR,pymupdf4llm,Table 1,,
rl/Others_Exact-CPWL CvaR,pymupdf4llm,Table 2,,
rl/Others_Exact-CPWL CvaR,grobid,references,,
rl/Others_Exact-CPWL CvaR,grobid,Table 1,,
rl/Others_Exact-CPWL CvaR,grobid,Table 2,,
rl/Others_Exact-CPWL CvaR,docling,references,,
rl/Others_Exact-CPWL CvaR,docling,Table 1,,
rl/Others_Exact-CPWL CvaR,docling,Table 2,,
theory/Bandits_FVTG-CP,pymupdf4llm,references,,
theory/Bandits_FVTG-CP,pymupdf4llm,Table 1,,
theory/Bandits_FVTG-CP,pymupdf4llm,Table 2,,
theory/Bandits_FVTG-CP,grobid,references,,
theory/Bandits_FVTG-CP,grobid,Table 1,,
theory/Bandits_FVTG-CP,grobid,Table 2,,
theory/Bandits_FVTG-CP,docling,references,,
theory/Bandits_FVTG-CP,docling,Table 1,,
theory/Bandits_FVTG-CP,docling,Table 2,,
