gen_paper_id,parser,pdf_refs,in_pdf,correct,note
applications/Others_DR-LEF,grobid,16-63,48,48,
applications/Others_DR-LEF,docling,16-63,48,48,
deep_learning/LLMs_CS-HLA,grobid,16-66,51,51,
deep_learning/LLMs_CS-HLA,docling,16-66,51,51,
deep_learning/Others_Fed-LanczosSAM,grobid,16-26,11,4,
deep_learning/Others_Fed-LanczosSAM,docling,16-26,11,11,
deep_learning/Others_TKFS-Attention,grobid,16-39,24,16,
deep_learning/Others_TKFS-Attention,docling,16-39,24,24,
general_ml/Causality_SPECTRA-HET SPLIT UP,grobid,16-23,8,8,
general_ml/Causality_SPECTRA-HET SPLIT UP,docling,16-23,8,8,
general_ml/Others_Sheaf-PartialTSW,grobid,16-37,22,22,
general_ml/Others_Sheaf-PartialTSW,docling,16-37,22,22,
optimization/Others_LC-FTT,grobid,16-33,18,18,
optimization/Others_LC-FTT,docling,16-33,18,15,
probabilistic/Others_DosePFN,grobid,16-51,36,33,
probabilistic/Others_DosePFN,docling,16-51,36,21,
rl/Others_Exact-CPWL CvaR,grobid,16-16,1,1,
rl/Others_Exact-CPWL CvaR,docling,16-16,1,1,
theory/Bandits_FVTG-CP,grobid,16-27,12,12,
theory/Bandits_FVTG-CP,docling,16-27,12,0,
